ISO3,Type,Country,UNICEF_Region,Year,Value
MEX,Country,Mexico,"Latin America and Caribbean",2018,1388000
PER,Country,Peru,"Latin America and Caribbean",2018,445000
COL,Country,Colombia,"Latin America and Caribbean",2018,389000
ECU,Country,Ecuador,"Latin America and Caribbean",2018,300000
HTI,Country,Haiti,"Latin America and Caribbean",2018,240000
CHL,Country,Chile,"Latin America and Caribbean",2018,220000
GTM,Country,Guatemala,"Latin America and Caribbean",2018,207000
BOL,Country,"Bolivia (Plurinational State of)","Latin America and Caribbean",2018,180000
SLV,Country,"El Salvador","Latin America and Caribbean",2018,180000
NIC,Country,Nicaragua,"Latin America and Caribbean",2018,156000
HND,Country,Honduras,"Latin America and Caribbean",2018,130000
CUB,Country,Cuba,"Latin America and Caribbean",2018,116000
PRY,Country,Paraguay,"Latin America and Caribbean",2018,101000
VEN,Country,"Venezuela (Bolivarian Republic of)","Latin America and Caribbean",2018,59200
CRI,Country,"Costa Rica","Latin America and Caribbean",2018,52300
JAM,Country,Jamaica,"Latin America and Caribbean",2018,31000
GUY,Country,Guyana,"Latin America and Caribbean",2018,13100
URY,Country,Uruguay,"Latin America and Caribbean",2018,100
CUB,Country,Cuba,"Latin America and Caribbean",2018,96
SLV,Country,"El Salvador","Latin America and Caribbean",2018,96
NIC,Country,Nicaragua,"Latin America and Caribbean",2018,96
CHL,Country,Chile,"Latin America and Caribbean",2018,94
ECU,Country,Ecuador,"Latin America and Caribbean",2018,89
HTI,Country,Haiti,"Latin America and Caribbean",2018,88
JAM,Country,Jamaica,"Latin America and Caribbean",2018,86
PER,Country,Peru,"Latin America and Caribbean",2018,76
CRI,Country,"Costa Rica","Latin America and Caribbean",2018,75
GUY,Country,Guyana,"Latin America and Caribbean",2018,73
BOL,Country,"Bolivia (Plurinational State of)","Latin America and Caribbean",2018,72
PRY,Country,Paraguay,"Latin America and Caribbean",2018,70
HND,Country,Honduras,"Latin America and Caribbean",2018,65
MEX,Country,Mexico,"Latin America and Caribbean",2018,59
COL,Country,Colombia,"Latin America and Caribbean",2018,52
GTM,Country,Guatemala,"Latin America and Caribbean",2018,51
VEN,Country,"Venezuela (Bolivarian Republic of)","Latin America and Caribbean",2018,11
ARG,Country,Argentina,"Latin America and Caribbean",2018,1
BHS,Country,Bahamas,"Latin America and Caribbean",2018,1
BLZ,Country,Belize,"Latin America and Caribbean",2018,1
DOM,Country,"Dominican Republic","Latin America and Caribbean",2018,1
BRB,Country,Barbados,"Latin America and Caribbean",2018,1
SUR,Country,Suriname,"Latin America and Caribbean",2018,1
BRA,Country,Brazil,"Latin America and Caribbean",2018,1
URY,Country,Uruguay,"Latin America and Caribbean",2018,1
BHS,Country,Bahamas,"Latin America and Caribbean",2018,0
BLZ,Country,Belize,"Latin America and Caribbean",2018,0
DOM,Country,"Dominican Republic","Latin America and Caribbean",2018,0
ARG,Country,Argentina,"Latin America and Caribbean",2018,0
BRB,Country,Barbados,"Latin America and Caribbean",2018,0
SUR,Country,Suriname,"Latin America and Caribbean",2018,0
BRA,Country,Brazil,"Latin America and Caribbean",2018,0
