ISO3,Type,Country,UNICEF_Region,Year,Value
MEX,Country,Mexico,"Latin America and Caribbean",2018,1388000
ARG,Country,Argentina,"Latin America and Caribbean",2015,738000
MEX,Country,Mexico,"Latin America and Caribbean",2020,591000
PER,Country,Peru,"Latin America and Caribbean",2017,472000
PER,Country,Peru,"Latin America and Caribbean",2019,470000
PER,Country,Peru,"Latin America and Caribbean",2018,445000
COL,Country,Colombia,"Latin America and Caribbean",2015,414000
COL,Country,Colombia,"Latin America and Caribbean",2018,389000
COL,Country,Colombia,"Latin America and Caribbean",2020,386000
PER,Country,Peru,"Latin America and Caribbean",2021,381000
COL,Country,Colombia,"Latin America and Caribbean",2021,364000
COL,Country,Colombia,"Latin America and Caribbean",2019,363000
ECU,Country,Ecuador,"Latin America and Caribbean",2019,332000
PER,Country,Peru,"Latin America and Caribbean",2020,327000
ECU,Country,Ecuador,"Latin America and Caribbean",2018,300000
GTM,Country,Guatemala,"Latin America and Caribbean",2019,271000
GTM,Country,Guatemala,"Latin America and Caribbean",2021,268000
GTM,Country,Guatemala,"Latin America and Caribbean",2020,266000
ECU,Country,Ecuador,"Latin America and Caribbean",2021,264000
BOL,Country,"Bolivia (Plurinational State of)","Latin America and Caribbean",2015,251000
ECU,Country,Ecuador,"Latin America and Caribbean",2017,248000
HTI,Country,Haiti,"Latin America and Caribbean",2015,248000
HTI,Country,Haiti,"Latin America and Caribbean",2019,248000
BOL,Country,"Bolivia (Plurinational State of)","Latin America and Caribbean",2019,247000
CHL,Country,Chile,"Latin America and Caribbean",2017,242000
HTI,Country,Haiti,"Latin America and Caribbean",2018,240000
BOL,Country,"Bolivia (Plurinational State of)","Latin America and Caribbean",2017,239000
COL,Country,Colombia,"Latin America and Caribbean",2017,238000
ECU,Country,Ecuador,"Latin America and Caribbean",2020,228000
CHL,Country,Chile,"Latin America and Caribbean",2018,220000
CHL,Country,Chile,"Latin America and Caribbean",2019,220000
CHL,Country,Chile,"Latin America and Caribbean",2020,210000
GTM,Country,Guatemala,"Latin America and Caribbean",2018,207000
HTI,Country,Haiti,"Latin America and Caribbean",2017,201000
CHL,Country,Chile,"Latin America and Caribbean",2021,195000
HTI,Country,Haiti,"Latin America and Caribbean",2021,193000
ECU,Country,Ecuador,"Latin America and Caribbean",2015,192000
HTI,Country,Haiti,"Latin America and Caribbean",2020,192000
BOL,Country,"Bolivia (Plurinational State of)","Latin America and Caribbean",2021,189000
CHL,Country,Chile,"Latin America and Caribbean",2015,186000
HND,Country,Honduras,"Latin America and Caribbean",2015,184000
BOL,Country,"Bolivia (Plurinational State of)","Latin America and Caribbean",2018,180000
SLV,Country,"El Salvador","Latin America and Caribbean",2018,180000
GTM,Country,Guatemala,"Latin America and Caribbean",2015,173000
GTM,Country,Guatemala,"Latin America and Caribbean",2017,172000
NIC,Country,Nicaragua,"Latin America and Caribbean",2017,172000
NIC,Country,Nicaragua,"Latin America and Caribbean",2015,162000
HND,Country,Honduras,"Latin America and Caribbean",2020,160000
NIC,Country,Nicaragua,"Latin America and Caribbean",2018,156000
HND,Country,Honduras,"Latin America and Caribbean",2021,154000
HND,Country,Honduras,"Latin America and Caribbean",2019,150000
NIC,Country,Nicaragua,"Latin America and Caribbean",2020,134000
NIC,Country,Nicaragua,"Latin America and Caribbean",2019,131000
HND,Country,Honduras,"Latin America and Caribbean",2018,130000
VEN,Country,"Venezuela (Bolivarian Republic of)","Latin America and Caribbean",2020,127000
CUB,Country,Cuba,"Latin America and Caribbean",2015,125000
NIC,Country,Nicaragua,"Latin America and Caribbean",2021,124000
HND,Country,Honduras,"Latin America and Caribbean",2017,121000
CUB,Country,Cuba,"Latin America and Caribbean",2018,116000
CUB,Country,Cuba,"Latin America and Caribbean",2020,108000
DOM,Country,"Dominican Republic","Latin America and Caribbean",2015,105000
PRY,Country,Paraguay,"Latin America and Caribbean",2019,105000
PRY,Country,Paraguay,"Latin America and Caribbean",2021,105000
PRY,Country,Paraguay,"Latin America and Caribbean",2017,104000
CUB,Country,Cuba,"Latin America and Caribbean",2019,103000
VEN,Country,"Venezuela (Bolivarian Republic of)","Latin America and Caribbean",2019,102000
PRY,Country,Paraguay,"Latin America and Caribbean",2018,101000
CUB,Country,Cuba,"Latin America and Caribbean",2021,99100
VEN,Country,"Venezuela (Bolivarian Republic of)","Latin America and Caribbean",2015,98600
SLV,Country,"El Salvador","Latin America and Caribbean",2021,90000
PRY,Country,Paraguay,"Latin America and Caribbean",2015,84000
SLV,Country,"El Salvador","Latin America and Caribbean",2015,72800
VEN,Country,"Venezuela (Bolivarian Republic of)","Latin America and Caribbean",2018,59200
CRI,Country,"Costa Rica","Latin America and Caribbean",2020,57800
SLV,Country,"El Salvador","Latin America and Caribbean",2017,54500
CRI,Country,"Costa Rica","Latin America and Caribbean",2021,54300
CRI,Country,"Costa Rica","Latin America and Caribbean",2017,52300
CRI,Country,"Costa Rica","Latin America and Caribbean",2018,52300
CRI,Country,"Costa Rica","Latin America and Caribbean",2019,52000
URY,Country,Uruguay,"Latin America and Caribbean",2017,47100
URY,Country,Uruguay,"Latin America and Caribbean",2015,46900
VEN,Country,"Venezuela (Bolivarian Republic of)","Latin America and Caribbean",2021,42400
URY,Country,Uruguay,"Latin America and Caribbean",2019,34000
JAM,Country,Jamaica,"Latin America and Caribbean",2015,33600
JAM,Country,Jamaica,"Latin America and Caribbean",2018,31000
JAM,Country,Jamaica,"Latin America and Caribbean",2021,24900
JAM,Country,Jamaica,"Latin America and Caribbean",2019,24800
JAM,Country,Jamaica,"Latin America and Caribbean",2020,21400
TTO,Country,"Trinidad and Tobago","Latin America and Caribbean",2019,13700
GUY,Country,Guyana,"Latin America and Caribbean",2020,13200
GUY,Country,Guyana,"Latin America and Caribbean",2018,13100
GUY,Country,Guyana,"Latin America and Caribbean",2015,13000
TTO,Country,"Trinidad and Tobago","Latin America and Caribbean",2015,13000
TTO,Country,"Trinidad and Tobago","Latin America and Caribbean",2020,13000
GUY,Country,Guyana,"Latin America and Caribbean",2019,12800
CUB,Country,Cuba,"Latin America and Caribbean",2017,12000
TTO,Country,"Trinidad and Tobago","Latin America and Caribbean",2017,10800
TTO,Country,"Trinidad and Tobago","Latin America and Caribbean",2021,10400
BLZ,Country,Belize,"Latin America and Caribbean",2020,7000
BHS,Country,Bahamas,"Latin America and Caribbean",2017,4400
BHS,Country,Bahamas,"Latin America and Caribbean",2015,4000
BRB,Country,Barbados,"Latin America and Caribbean",2015,1300
BRB,Country,Barbados,"Latin America and Caribbean",2017,1100
GUY,Country,Guyana,"Latin America and Caribbean",2021,270
SLV,Country,"El Salvador","Latin America and Caribbean",2019,260
SLV,Country,"El Salvador","Latin America and Caribbean",2020,100
URY,Country,Uruguay,"Latin America and Caribbean",2018,100
ARG,Country,Argentina,"Latin America and Caribbean",2015,96
BHS,Country,Bahamas,"Latin America and Caribbean",2017,96
BOL,Country,"Bolivia (Plurinational State of)","Latin America and Caribbean",2015,96
BOL,Country,"Bolivia (Plurinational State of)","Latin America and Caribbean",2017,96
BOL,Country,"Bolivia (Plurinational State of)","Latin America and Caribbean",2019,96
CHL,Country,Chile,"Latin America and Caribbean",2017,96
CUB,Country,Cuba,"Latin America and Caribbean",2015,96
CUB,Country,Cuba,"Latin America and Caribbean",2018,96
ECU,Country,Ecuador,"Latin America and Caribbean",2019,96
NIC,Country,Nicaragua,"Latin America and Caribbean",2015,96
NIC,Country,Nicaragua,"Latin America and Caribbean",2017,96
NIC,Country,Nicaragua,"Latin America and Caribbean",2018,96
NIC,Country,Nicaragua,"Latin America and Caribbean",2019,96
NIC,Country,Nicaragua,"Latin America and Caribbean",2020,96
SLV,Country,"El Salvador","Latin America and Caribbean",2018,96
URY,Country,Uruguay,"Latin America and Caribbean",2015,96
URY,Country,Uruguay,"Latin America and Caribbean",2017,96
CHL,Country,Chile,"Latin America and Caribbean",2018,94
CUB,Country,Cuba,"Latin America and Caribbean",2020,94
NIC,Country,Nicaragua,"Latin America and Caribbean",2021,94
CHL,Country,Chile,"Latin America and Caribbean",2019,93
HND,Country,Honduras,"Latin America and Caribbean",2015,93
HTI,Country,Haiti,"Latin America and Caribbean",2019,91
CHL,Country,Chile,"Latin America and Caribbean",2020,90
HTI,Country,Haiti,"Latin America and Caribbean",2015,90
JAM,Country,Jamaica,"Latin America and Caribbean",2015,90
BHS,Country,Bahamas,"Latin America and Caribbean",2015,89
ECU,Country,Ecuador,"Latin America and Caribbean",2018,89
CUB,Country,Cuba,"Latin America and Caribbean",2019,88
CUB,Country,Cuba,"Latin America and Caribbean",2021,88
HTI,Country,Haiti,"Latin America and Caribbean",2018,88
JAM,Country,Jamaica,"Latin America and Caribbean",2018,86
URY,Country,Uruguay,"Latin America and Caribbean",2019,86
CRI,Country,"Costa Rica","Latin America and Caribbean",2020,85
BLZ,Country,Belize,"Latin America and Caribbean",2020,84
CHL,Country,Chile,"Latin America and Caribbean",2021,84
CRI,Country,"Costa Rica","Latin America and Caribbean",2021,81
PER,Country,Peru,"Latin America and Caribbean",2017,81
HND,Country,Honduras,"Latin America and Caribbean",2020,80
PER,Country,Peru,"Latin America and Caribbean",2019,80
ECU,Country,Ecuador,"Latin America and Caribbean",2021,78
HND,Country,Honduras,"Latin America and Caribbean",2021,77
BOL,Country,"Bolivia (Plurinational State of)","Latin America and Caribbean",2021,76
CHL,Country,Chile,"Latin America and Caribbean",2015,76
CRI,Country,"Costa Rica","Latin America and Caribbean",2019,76
PER,Country,Peru,"Latin America and Caribbean",2018,76
SLV,Country,"El Salvador","Latin America and Caribbean",2021,76
CRI,Country,"Costa Rica","Latin America and Caribbean",2017,75
CRI,Country,"Costa Rica","Latin America and Caribbean",2018,75
GUY,Country,Guyana,"Latin America and Caribbean",2020,75
HND,Country,Honduras,"Latin America and Caribbean",2019,75
ECU,Country,Ecuador,"Latin America and Caribbean",2017,74
JAM,Country,Jamaica,"Latin America and Caribbean",2021,74
GUY,Country,Guyana,"Latin America and Caribbean",2018,73
HTI,Country,Haiti,"Latin America and Caribbean",2017,73
PRY,Country,Paraguay,"Latin America and Caribbean",2019,73
TTO,Country,"Trinidad and Tobago","Latin America and Caribbean",2019,73
BOL,Country,"Bolivia (Plurinational State of)","Latin America and Caribbean",2018,72
GUY,Country,Guyana,"Latin America and Caribbean",2019,72
PRY,Country,Paraguay,"Latin America and Caribbean",2017,72
PRY,Country,Paraguay,"Latin America and Caribbean",2021,72
GUY,Country,Guyana,"Latin America and Caribbean",2015,71
HTI,Country,Haiti,"Latin America and Caribbean",2021,71
TTO,Country,"Trinidad and Tobago","Latin America and Caribbean",2020,71
HTI,Country,Haiti,"Latin America and Caribbean",2020,70
JAM,Country,Jamaica,"Latin America and Caribbean",2019,70
PRY,Country,Paraguay,"Latin America and Caribbean",2018,70
URY,Country,Uruguay,"Latin America and Caribbean",2021,70
ECU,Country,Ecuador,"Latin America and Caribbean",2020,67
GTM,Country,Guatemala,"Latin America and Caribbean",2019,67
GTM,Country,Guatemala,"Latin America and Caribbean",2021,66
GTM,Country,Guatemala,"Latin America and Caribbean",2020,65
HND,Country,Honduras,"Latin America and Caribbean",2018,65
PER,Country,Peru,"Latin America and Caribbean",2021,65
TTO,Country,"Trinidad and Tobago","Latin America and Caribbean",2015,63
JAM,Country,Jamaica,"Latin America and Caribbean",2020,62
HND,Country,Honduras,"Latin America and Caribbean",2017,61
MEX,Country,Mexico,"Latin America and Caribbean",2018,59
PRY,Country,Paraguay,"Latin America and Caribbean",2015,59
SLV,Country,"El Salvador","Latin America and Caribbean",2015,59
ECU,Country,Ecuador,"Latin America and Caribbean",2015,58
TTO,Country,"Trinidad and Tobago","Latin America and Caribbean",2021,58
PER,Country,Peru,"Latin America and Caribbean",2020,56
COL,Country,Colombia,"Latin America and Caribbean",2015,55
TTO,Country,"Trinidad and Tobago","Latin America and Caribbean",2017,55
COL,Country,Colombia,"Latin America and Caribbean",2018,52
COL,Country,Colombia,"Latin America and Caribbean",2020,52
GTM,Country,Guatemala,"Latin America and Caribbean",2018,51
COL,Country,Colombia,"Latin America and Caribbean",2021,49
DOM,Country,"Dominican Republic","Latin America and Caribbean",2015,49
COL,Country,Colombia,"Latin America and Caribbean",2019,48
SLV,Country,"El Salvador","Latin America and Caribbean",2017,45
GTM,Country,Guatemala,"Latin America and Caribbean",2015,44
GTM,Country,Guatemala,"Latin America and Caribbean",2017,43
BRB,Country,Barbados,"Latin America and Caribbean",2015,38
BRB,Country,Barbados,"Latin America and Caribbean",2017,34
COL,Country,Colombia,"Latin America and Caribbean",2017,32
MEX,Country,Mexico,"Latin America and Caribbean",2020,26
VEN,Country,"Venezuela (Bolivarian Republic of)","Latin America and Caribbean",2020,25
VEN,Country,"Venezuela (Bolivarian Republic of)","Latin America and Caribbean",2019,20
VEN,Country,"Venezuela (Bolivarian Republic of)","Latin America and Caribbean",2015,17
VEN,Country,"Venezuela (Bolivarian Republic of)","Latin America and Caribbean",2018,11
CUB,Country,Cuba,"Latin America and Caribbean",2017,10
VEN,Country,"Venezuela (Bolivarian Republic of)","Latin America and Caribbean",2021,9
GUY,Country,Guyana,"Latin America and Caribbean",2021,2
ARG,Country,Argentina,"Latin America and Caribbean",2017,1
ARG,Country,Argentina,"Latin America and Caribbean",2018,1
ARG,Country,Argentina,"Latin America and Caribbean",2019,1
ARG,Country,Argentina,"Latin America and Caribbean",2020,1
ARG,Country,Argentina,"Latin America and Caribbean",2021,1
BHS,Country,Bahamas,"Latin America and Caribbean",2018,1
BHS,Country,Bahamas,"Latin America and Caribbean",2020,1
BHS,Country,Bahamas,"Latin America and Caribbean",2021,1
BLZ,Country,Belize,"Latin America and Caribbean",2015,1
BLZ,Country,Belize,"Latin America and Caribbean",2018,1
BLZ,Country,Belize,"Latin America and Caribbean",2019,1
BLZ,Country,Belize,"Latin America and Caribbean",2021,1
BOL,Country,"Bolivia (Plurinational State of)","Latin America and Caribbean",2020,1
BRA,Country,Brazil,"Latin America and Caribbean",2015,1
BRA,Country,Brazil,"Latin America and Caribbean",2017,1
BRA,Country,Brazil,"Latin America and Caribbean",2018,1
BRA,Country,Brazil,"Latin America and Caribbean",2019,1
BRA,Country,Brazil,"Latin America and Caribbean",2020,1
BRA,Country,Brazil,"Latin America and Caribbean",2021,1
BRB,Country,Barbados,"Latin America and Caribbean",2018,1
BRB,Country,Barbados,"Latin America and Caribbean",2019,1
BRB,Country,Barbados,"Latin America and Caribbean",2020,1
BRB,Country,Barbados,"Latin America and Caribbean",2021,1
CRI,Country,"Costa Rica","Latin America and Caribbean",2015,1
DOM,Country,"Dominican Republic","Latin America and Caribbean",2017,1
DOM,Country,"Dominican Republic","Latin America and Caribbean",2018,1
DOM,Country,"Dominican Republic","Latin America and Caribbean",2019,1
DOM,Country,"Dominican Republic","Latin America and Caribbean",2020,1
DOM,Country,"Dominican Republic","Latin America and Caribbean",2021,1
GUY,Country,Guyana,"Latin America and Caribbean",2017,1
JAM,Country,Jamaica,"Latin America and Caribbean",2017,1
MEX,Country,Mexico,"Latin America and Caribbean",2015,1
MEX,Country,Mexico,"Latin America and Caribbean",2017,1
MEX,Country,Mexico,"Latin America and Caribbean",2019,1
MEX,Country,Mexico,"Latin America and Caribbean",2021,1
PER,Country,Peru,"Latin America and Caribbean",2015,1
PRY,Country,Paraguay,"Latin America and Caribbean",2020,1
SLV,Country,"El Salvador","Latin America and Caribbean",2019,1
SLV,Country,"El Salvador","Latin America and Caribbean",2020,1
SUR,Country,Suriname,"Latin America and Caribbean",2015,1
SUR,Country,Suriname,"Latin America and Caribbean",2017,1
SUR,Country,Suriname,"Latin America and Caribbean",2018,1
SUR,Country,Suriname,"Latin America and Caribbean",2019,1
URY,Country,Uruguay,"Latin America and Caribbean",2018,1
URY,Country,Uruguay,"Latin America and Caribbean",2020,1
URY,Country,Uruguay,"Latin America and Caribbean",2021,1
VEN,Country,"Venezuela (Bolivarian Republic of)","Latin America and Caribbean",2017,1
ARG,Country,Argentina,"Latin America and Caribbean",2017,0
ARG,Country,Argentina,"Latin America and Caribbean",2018,0
ARG,Country,Argentina,"Latin America and Caribbean",2019,0
ARG,Country,Argentina,"Latin America and Caribbean",2020,0
ARG,Country,Argentina,"Latin America and Caribbean",2021,0
BHS,Country,Bahamas,"Latin America and Caribbean",2018,0
BHS,Country,Bahamas,"Latin America and Caribbean",2020,0
BHS,Country,Bahamas,"Latin America and Caribbean",2021,0
BLZ,Country,Belize,"Latin America and Caribbean",2015,0
BLZ,Country,Belize,"Latin America and Caribbean",2018,0
BLZ,Country,Belize,"Latin America and Caribbean",2019,0
BLZ,Country,Belize,"Latin America and Caribbean",2021,0
BOL,Country,"Bolivia (Plurinational State of)","Latin America and Caribbean",2020,0
BRA,Country,Brazil,"Latin America and Caribbean",2015,0
BRA,Country,Brazil,"Latin America and Caribbean",2017,0
BRA,Country,Brazil,"Latin America and Caribbean",2018,0
BRA,Country,Brazil,"Latin America and Caribbean",2019,0
BRA,Country,Brazil,"Latin America and Caribbean",2020,0
BRA,Country,Brazil,"Latin America and Caribbean",2021,0
BRB,Country,Barbados,"Latin America and Caribbean",2018,0
BRB,Country,Barbados,"Latin America and Caribbean",2019,0
BRB,Country,Barbados,"Latin America and Caribbean",2020,0
BRB,Country,Barbados,"Latin America and Caribbean",2021,0
CRI,Country,"Costa Rica","Latin America and Caribbean",2015,0
DOM,Country,"Dominican Republic","Latin America and Caribbean",2017,0
DOM,Country,"Dominican Republic","Latin America and Caribbean",2018,0
DOM,Country,"Dominican Republic","Latin America and Caribbean",2019,0
DOM,Country,"Dominican Republic","Latin America and Caribbean",2020,0
DOM,Country,"Dominican Republic","Latin America and Caribbean",2021,0
GUY,Country,Guyana,"Latin America and Caribbean",2017,0
JAM,Country,Jamaica,"Latin America and Caribbean",2017,0
MEX,Country,Mexico,"Latin America and Caribbean",2015,0
MEX,Country,Mexico,"Latin America and Caribbean",2017,0
MEX,Country,Mexico,"Latin America and Caribbean",2019,0
MEX,Country,Mexico,"Latin America and Caribbean",2021,0
PER,Country,Peru,"Latin America and Caribbean",2015,0
PRY,Country,Paraguay,"Latin America and Caribbean",2020,0
SUR,Country,Suriname,"Latin America and Caribbean",2015,0
SUR,Country,Suriname,"Latin America and Caribbean",2017,0
SUR,Country,Suriname,"Latin America and Caribbean",2018,0
SUR,Country,Suriname,"Latin America and Caribbean",2019,0
URY,Country,Uruguay,"Latin America and Caribbean",2020,0
VEN,Country,"Venezuela (Bolivarian Republic of)","Latin America and Caribbean",2017,0
